row_id,pred_fossil_share_rebound_next
28,0.5
29,0.5
30,0.5
31,0.5
58,0.5
60,0.5
61,0.5
62,0.5
63,0.5
92,0.5
93,0.5
94,0.5
95,0.5
124,0.5
125,0.5
126,0.5
127,0.5
156,0.5
157,0.5
158,0.5
159,0.5
188,0.5
189,0.5
190,0.5
191,0.5
219,0.5
220,0.5
221,0.5
222,0.5
223,0.5
252,0.5
253,0.5
254,0.5
255,0.5
284,0.5
285,0.5
286,0.5
287,0.5
316,0.5
317,0.5
318,0.5
319,0.5
348,0.5
349,0.5
350,0.5
351,0.5
380,0.5
381,0.5
382,0.5
383,0.5
412,0.5
413,0.5
414,0.5
415,0.5
444,0.5
445,0.5
446,0.5
447,0.5
476,0.5
477,0.5
478,0.5
479,0.5
507,0.5
508,0.5
509,0.5
510,0.5
511,0.5
539,0.5
540,0.5
541,0.5
542,0.5
543,0.5
572,0.5
573,0.5
574,0.5
575,0.5
604,0.5
605,0.5
606,0.5
607,0.5
636,0.5
637,0.5
638,0.5
639,0.5
668,0.5
669,0.5
670,0.5
671,0.5
700,0.5
701,0.5
702,0.5
703,0.5
730,0.5
732,0.5
733,0.5
734,0.5
735,0.5
764,0.5
765,0.5
766,0.5
767,0.5
796,0.5
797,0.5
798,0.5
799,0.5
828,0.5
829,0.5
830,0.5
831,0.5
860,0.5
861,0.5
862,0.5
863,0.5
892,0.5
893,0.5
894,0.5
895,0.5
924,0.5
925,0.5
926,0.5
927,0.5
956,0.5
957,0.5
958,0.5
959,0.5
988,0.5
989,0.5
990,0.5
991,0.5
1020,0.5
1021,0.5
1022,0.5
1023,0.5
1052,0.5
1053,0.5
1054,0.5
1055,0.5
1084,0.5
1085,0.5
1086,0.5
1087,0.5
1115,0.5
1116,0.5
1117,0.5
1118,0.5
1119,0.5
1148,0.5
1149,0.5
1150,0.5
1151,0.5
1180,0.5
1181,0.5
1182,0.5
1183,0.5
1212,0.5
1213,0.5
1214,0.5
1215,0.5
1242,0.5
1244,0.5
1245,0.5
1246,0.5
1247,0.5
1276,0.5
1277,0.5
1278,0.5
1279,0.5
1306,0.5
1308,0.5
1309,0.5
1310,0.5
1311,0.5
1340,0.5
1341,0.5
1342,0.5
1343,0.5
1371,0.5
1372,0.5
1373,0.5
1374,0.5
1375,0.5
1402,0.5
1404,0.5
1405,0.5
1406,0.5
1407,0.5
1434,0.5
1436,0.5
1437,0.5
1438,0.5
1439,0.5
1468,0.5
1469,0.5
1470,0.5
1471,0.5
1500,0.5
1501,0.5
1502,0.5
1503,0.5
1532,0.5
1533,0.5
1534,0.5
1535,0.5
1564,0.5
1565,0.5
1566,0.5
1567,0.5
1596,0.5
1597,0.5
1598,0.5
1599,0.5
1628,0.5
1629,0.5
1630,0.5
1631,0.5
1659,0.5
1660,0.5
1661,0.5
1662,0.5
1663,0.5
1692,0.5
1693,0.5
1694,0.5
1695,0.5
1724,0.5
1725,0.5
1726,0.5
1727,0.5
1756,0.5
1757,0.5
1758,0.5
1759,0.5
1786,0.5
1788,0.5
1789,0.5
1790,0.5
1791,0.5
1820,0.5
1821,0.5
1822,0.5
1823,0.5
1852,0.5
1853,0.5
1854,0.5
1855,0.5
1884,0.5
1885,0.5
1886,0.5
1887,0.5
1916,0.5
1917,0.5
1918,0.5
1919,0.5
1948,0.5
1949,0.5
1950,0.5
1951,0.5
1980,0.5
1981,0.5
1982,0.5
1983,0.5
2010,0.5
2012,0.5
2013,0.5
2014,0.5
2015,0.5
2044,0.5
2045,0.5
2046,0.5
2047,0.5
2075,0.5
2076,0.5
2077,0.5
2078,0.5
2079,0.5
2106,0.5
2108,0.5
2109,0.5
2110,0.5
2111,0.5
2140,0.5
2141,0.5
2142,0.5
2143,0.5
2172,0.5
2173,0.5
2174,0.5
2175,0.5
2204,0.5
2205,0.5
2206,0.5
2207,0.5
2236,0.5
2237,0.5
2238,0.5
2239,0.5
2266,0.5
2268,0.5
2269,0.5
2270,0.5
2271,0.5
2300,0.5
2301,0.5
2302,0.5
2303,0.5
2332,0.5
2333,0.5
2334,0.5
2335,0.5
2364,0.5
2365,0.5
2366,0.5
2367,0.5
2396,0.5
2397,0.5
2398,0.5
2399,0.5
2427,0.5
2428,0.5
2429,0.5
2430,0.5
2431,0.5
2460,0.5
2461,0.5
2462,0.5
2463,0.5
2492,0.5
2493,0.5
2494,0.5
2495,0.5
2524,0.5
2525,0.5
2526,0.5
2527,0.5
2556,0.5
2557,0.5
2558,0.5
2585,0.5
2587,0.5
2588,0.5
2589,0.5
2618,0.5
2619,0.5
2620,0.5
2649,0.5
2650,0.5
2651,0.5
2680,0.5
2681,0.5
2682,0.5
2711,0.5
2712,0.5
2713,0.5
2741,0.5
2742,0.5
2743,0.5
2744,0.5
2773,0.5
2774,0.5
2775,0.5
2804,0.5
2805,0.5
2806,0.5
2835,0.5
2836,0.5
2837,0.5
2866,0.5
2867,0.5
2868,0.5
2897,0.5
2898,0.5
2899,0.5
2928,0.5
2929,0.5
2930,0.5
2959,0.5
2960,0.5
2961,0.5
2990,0.5
2991,0.5
2992,0.5
3020,0.5
3021,0.5
3022,0.5
3023,0.5
3051,0.5
3052,0.5
3053,0.5
3054,0.5
3083,0.5
3084,0.5
3085,0.5
3114,0.5
3115,0.5
3116,0.5
3145,0.5
3146,0.5
3147,0.5
3176,0.5
3177,0.5
3178,0.5
3207,0.5
3208,0.5
3209,0.5
3236,0.5
3238,0.5
3239,0.5
3240,0.5
3269,0.5
3270,0.5
3271,0.5
3300,0.5
3301,0.5
3302,0.5
3331,0.5
3332,0.5
3333,0.5
3362,0.5
3363,0.5
3364,0.5
3393,0.5
3394,0.5
3395,0.5
3424,0.5
3425,0.5
3426,0.5
3455,0.5
3456,0.5
3457,0.5
3486,0.5
3487,0.5
3488,0.5
3517,0.5
3518,0.5
3519,0.5
3548,0.5
3549,0.5
3550,0.5
3579,0.5
3580,0.5
3581,0.5
3609,0.5
3610,0.5
3611,0.5
3612,0.5
3641,0.5
3642,0.5
3643,0.5
3672,0.5
3673,0.5
3674,0.5
3703,0.5
3704,0.5
3705,0.5
3732,0.5
3734,0.5
3735,0.5
3736,0.5
3765,0.5
3766,0.5
3767,0.5
3794,0.5
3796,0.5
3797,0.5
3798,0.5
3827,0.5
3828,0.5
3829,0.5
3857,0.5
3858,0.5
3859,0.5
3860,0.5
3887,0.5
3889,0.5
3890,0.5
3891,0.5
3918,0.5
3920,0.5
3921,0.5
3922,0.5
3951,0.5
3952,0.5
3953,0.5
3982,0.5
3983,0.5
3984,0.5
4013,0.5
4014,0.5
4015,0.5
4044,0.5
4045,0.5
4046,0.5
4075,0.5
4076,0.5
4077,0.5
4106,0.5
4107,0.5
4108,0.5
4136,0.5
4137,0.5
4138,0.5
4139,0.5
4168,0.5
4169,0.5
4170,0.5
4199,0.5
4200,0.5
4201,0.5
4230,0.5
4231,0.5
4232,0.5
4259,0.5
4261,0.5
4262,0.5
4263,0.5
4292,0.5
4293,0.5
4294,0.5
4323,0.5
4324,0.5
4325,0.5
4354,0.5
4355,0.5
4356,0.5
4385,0.5
4386,0.5
4387,0.5
4416,0.5
4417,0.5
4418,0.5
4447,0.5
4448,0.5
4449,0.5
4476,0.5
4478,0.5
4479,0.5
4480,0.5
4509,0.5
4510,0.5
4511,0.5
4539,0.5
4540,0.5
4541,0.5
4542,0.5
4569,0.5
4571,0.5
4572,0.5
4573,0.5
4602,0.5
4603,0.5
4604,0.5
4633,0.5
4634,0.5
4635,0.5
4664,0.5
4665,0.5
4666,0.5
4695,0.5
4696,0.5
4697,0.5
4724,0.5
4726,0.5
4727,0.5
4728,0.5
4757,0.5
4758,0.5
4759,0.5
4788,0.5
4789,0.5
4790,0.5
4819,0.5
4820,0.5
4821,0.5
4850,0.5
4851,0.5
4852,0.5
4880,0.5
4881,0.5
4882,0.5
4883,0.5
4912,0.5
4913,0.5
4914,0.5
4943,0.5
4944,0.5
4945,0.5
4974,0.5
4975,0.5
4976,0.5
4995,0.5
4996,0.5
4997,0.5
4998,0.5
5017,0.5
5018,0.5
5019,0.5
5020,0.5
5039,0.5
5040,0.5
5041,0.5
5042,0.5
5061,0.5
5062,0.5
5063,0.5
5064,0.5
5093,0.5
5094,0.5
5095,0.5
5096,0.5
5123,0.5
5125,0.5
5126,0.5
5127,0.5
5128,0.5
5147,0.5
5148,0.5
5149,0.5
5150,0.5
5169,0.5
5170,0.5
5171,0.5
5172,0.5
5191,0.5
5192,0.5
5193,0.5
5194,0.5
5223,0.5
5224,0.5
5225,0.5
5226,0.5
5255,0.5
5256,0.5
5257,0.5
5258,0.5
5277,0.5
5278,0.5
5279,0.5
5280,0.5
5299,0.5
5300,0.5
5301,0.5
5302,0.5
5331,0.5
5332,0.5
5333,0.5
5334,0.5
5353,0.5
5354,0.5
5355,0.5
5356,0.5
5375,0.5
5376,0.5
5377,0.5
5378,0.5
5396,0.5
5397,0.5
5398,0.5
5399,0.5
5400,0.5
5429,0.5
5430,0.5
5431,0.5
5432,0.5
5451,0.5
5452,0.5
5453,0.5
5454,0.5
5473,0.5
5474,0.5
5475,0.5
5476,0.5
5495,0.5
5496,0.5
5497,0.5
5498,0.5
5517,0.5
5518,0.5
5519,0.5
5520,0.5
5539,0.5
5540,0.5
5541,0.5
5542,0.5
5561,0.5
5562,0.5
5563,0.5
5564,0.5
5583,0.5
5584,0.5
5585,0.5
5586,0.5
5615,0.5
5616,0.5
5617,0.5
5618,0.5
5637,0.5
5638,0.5
5639,0.5
5640,0.5
5659,0.5
5660,0.5
5661,0.5
5662,0.5
5679,0.5
5681,0.5
5682,0.5
5683,0.5
5684,0.5
5703,0.5
5704,0.5
5705,0.5
5706,0.5
5725,0.5
5726,0.5
5727,0.5
5728,0.5
5757,0.5
5758,0.5
5759,0.5
5760,0.5
5779,0.5
5780,0.5
5781,0.5
5782,0.5
5801,0.5
5802,0.5
5803,0.5
5804,0.5
5833,0.5
5834,0.5
5835,0.5
5836,0.5
5854,0.5
5855,0.5
5856,0.5
5857,0.5
5858,0.5
5877,0.5
5878,0.5
5879,0.5
5880,0.5
5899,0.5
5900,0.5
5901,0.5
5902,0.5
5921,0.5
5922,0.5
5923,0.5
5924,0.5
5943,0.5
5944,0.5
5945,0.5
5946,0.5
5965,0.5
5966,0.5
5967,0.5
5968,0.5
5987,0.5
5988,0.5
5989,0.5
5990,0.5
6009,0.5
6010,0.5
6011,0.5
6012,0.5
6031,0.5
6032,0.5
6033,0.5
6034,0.5
6051,0.5
6053,0.5
6054,0.5
6055,0.5
6056,0.5
6073,0.5
6075,0.5
6076,0.5
6077,0.5
6078,0.5
6106,0.5
6107,0.5
6108,0.5
6109,0.5
6110,0.5
6138,0.5
6139,0.5
6140,0.5
6141,0.5
6142,0.5
6171,0.5
6172,0.5
6173,0.5
6174,0.5
6193,0.5
6194,0.5
6195,0.5
6196,0.5
6215,0.5
6216,0.5
6217,0.5
6218,0.5
6247,0.5
6248,0.5
6249,0.5
6250,0.5
6269,0.5
6270,0.5
6271,0.5
6272,0.5
6291,0.5
6292,0.5
6293,0.5
6294,0.5
6313,0.5
6314,0.5
6315,0.5
6316,0.5
6345,0.5
6346,0.5
6347,0.5
6348,0.5
6366,0.5
6367,0.5
6368,0.5
6369,0.5
6370,0.5
6406,0.5
6408,0.5
6409,0.5
6410,0.5
6411,0.5
6440,0.5
6441,0.5
6442,0.5
6443,0.5
6462,0.5
6463,0.5
6464,0.5
6465,0.5
6494,0.5
6495,0.5
6496,0.5
6497,0.5
6516,0.5
6517,0.5
6518,0.5
6519,0.5
6538,0.5
6539,0.5
6540,0.5
6541,0.5
6570,0.5
6571,0.5
6572,0.5
6573,0.5
6590,0.5
6592,0.5
6593,0.5
6594,0.5
6595,0.5
6614,0.5
6615,0.5
6616,0.5
6617,0.5
6646,0.5
6647,0.5
6648,0.5
6649,0.5
6668,0.5
6669,0.5
6670,0.5
6671,0.5
6690,0.5
6691,0.5
6692,0.5
6693,0.5
6712,0.5
6713,0.5
6714,0.5
6715,0.5
6734,0.5
6735,0.5
6736,0.5
6737,0.5
6754,0.5
6756,0.5
6757,0.5
6758,0.5
6759,0.5
6776,0.5
6777,0.5
6778,0.5
6779,0.5
6780,0.5
6781,0.5
6800,0.5
6801,0.5
6802,0.5
6803,0.5
6821,0.5
6822,0.5
6823,0.5
6824,0.5
6825,0.5
6854,0.5
6855,0.5
6856,0.5
6857,0.5
6876,0.5
6877,0.5
6878,0.5
6879,0.5
6898,0.5
6899,0.5
6900,0.5
6901,0.5
6920,0.5
6921,0.5
6922,0.5
6923,0.5
6942,0.5
6943,0.5
6944,0.5
6945,0.5
6964,0.5
6965,0.5
6966,0.5
6967,0.5
6986,0.5
6987,0.5
6988,0.5
6989,0.5
7008,0.5
7009,0.5
7010,0.5
7011,0.5
7030,0.5
7031,0.5
7032,0.5
7033,0.5
7062,0.5
7063,0.5
7064,0.5
7065,0.5
7084,0.5
7085,0.5
7086,0.5
7087,0.5
7116,0.5
7117,0.5
7118,0.5
7119,0.5
7148,0.5
7149,0.5
7150,0.5
7151,0.5
7180,0.5
7181,0.5
7182,0.5
7183,0.5
7212,0.5
7213,0.5
7214,0.5
7215,0.5
7243,0.5
7244,0.5
7245,0.5
7246,0.5
7247,0.5
7266,0.5
7267,0.5
7268,0.5
7269,0.5
7288,0.5
7289,0.5
7290,0.5
7291,0.5
7310,0.5
7311,0.5
7312,0.5
7313,0.5
7340,0.5
7342,0.5
7343,0.5
7344,0.5
7345,0.5
7364,0.5
7365,0.5
7366,0.5
7367,0.5
7386,0.5
7387,0.5
7388,0.5
7389,0.5
7418,0.5
7419,0.5
7420,0.5
7421,0.5
7448,0.5
7450,0.5
7451,0.5
7452,0.5
7453,0.5
7471,0.5
7472,0.5
7473,0.5
7474,0.5
7475,0.5
7492,0.5
7494,0.5
7495,0.5
7496,0.5
7497,0.5
7516,0.5
7517,0.5
7518,0.5
7519,0.5
7538,0.5
7539,0.5
7540,0.5
7541,0.5
7560,0.5
7561,0.5
7562,0.5
7563,0.5
7592,0.5
7593,0.5
7594,0.5
7595,0.5
7613,0.5
7614,0.5
7615,0.5
7616,0.5
7617,0.5
7636,0.5
7637,0.5
7638,0.5
7639,0.5
7656,0.5
7658,0.5
7659,0.5
7660,0.5
7661,0.5
7680,0.5
7681,0.5
7682,0.5
7683,0.5
7702,0.5
7703,0.5
7704,0.5
7705,0.5
7724,0.5
7725,0.5
7726,0.5
7727,0.5
7744,0.5
7746,0.5
7747,0.5
7748,0.5
7749,0.5
7767,0.5
7768,0.5
7769,0.5
7770,0.5
7771,0.5
7798,0.5
7800,0.5
7801,0.5
7802,0.5
7803,0.5
7832,0.5
7833,0.5
7834,0.5
7835,0.5
7864,0.5
7865,0.5
7866,0.5
7867,0.5
7884,0.5
7886,0.5
7887,0.5
7888,0.5
7889,0.5
7908,0.5
7909,0.5
7910,0.5
7911,0.5
7930,0.5
7931,0.5
7932,0.5
7933,0.5
7951,0.5
7952,0.5
7953,0.5
7954,0.5
7955,0.5
7973,0.5
7974,0.5
7975,0.5
7976,0.5
7977,0.5
8006,0.5
8007,0.5
8008,0.5
8009,0.5
8038,0.5
8039,0.5
8040,0.5
8041,0.5
8060,0.5
8061,0.5
8062,0.5
8063,0.5
8092,0.5
8093,0.5
8094,0.5
8095,0.5
8114,0.5
8115,0.5
8116,0.5
8117,0.5
8131,0.5
8132,0.5
8133,0.5
8134,0.5
8153,0.5
8154,0.5
8155,0.5
8156,0.5
8175,0.5
8176,0.5
8177,0.5
8178,0.5
8197,0.5
8198,0.5
8199,0.5
8200,0.5
8219,0.5
8220,0.5
8221,0.5
8222,0.5
8240,0.5
8241,0.5
8242,0.5
8243,0.5
8244,0.5
8262,0.5
8263,0.5
8264,0.5
8265,0.5
8266,0.5
8284,0.5
8285,0.5
8286,0.5
8287,0.5
8288,0.5
8317,0.5
8318,0.5
8319,0.5
8320,0.5
8339,0.5
8340,0.5
8341,0.5
8342,0.5
8360,0.5
8361,0.5
8362,0.5
8363,0.5
8364,0.5
8383,0.5
8384,0.5
8385,0.5
8386,0.5
8405,0.5
8406,0.5
8407,0.5
8408,0.5
8426,0.5
8427,0.5
8428,0.5
8429,0.5
8430,0.5
8458,0.5
8459,0.5
8460,0.5
8461,0.5
8462,0.5
8491,0.5
8492,0.5
8493,0.5
8494,0.5
8513,0.5
8514,0.5
8515,0.5
8516,0.5
8535,0.5
8536,0.5
8537,0.5
8538,0.5
8557,0.5
8558,0.5
8559,0.5
8560,0.5
8579,0.5
8580,0.5
8581,0.5
8582,0.5
8599,0.5
8601,0.5
8602,0.5
8603,0.5
8604,0.5
8623,0.5
8624,0.5
8625,0.5
8626,0.5
8645,0.5
8646,0.5
8647,0.5
8648,0.5
8667,0.5
8668,0.5
8669,0.5
8670,0.5
8689,0.5
8690,0.5
8691,0.5
8692,0.5
8721,0.5
8722,0.5
8723,0.5
8724,0.5
8743,0.5
8744,0.5
8745,0.5
8746,0.5
8764,0.5
8765,0.5
8766,0.5
8767,0.5
8768,0.5
8797,0.5
8798,0.5
8799,0.5
8800,0.5
8819,0.5
8820,0.5
8821,0.5
8822,0.5
8841,0.5
8842,0.5
8843,0.5
8844,0.5
8863,0.5
8864,0.5
8865,0.5
8866,0.5
8885,0.5
8886,0.5
8887,0.5
8888,0.5
8907,0.5
8908,0.5
8909,0.5
8910,0.5
8939,0.5
8940,0.5
8941,0.5
8942,0.5
8969,0.5
8971,0.5
8972,0.5
8973,0.5
8974,0.5
8991,0.5
8993,0.5
8994,0.5
8995,0.5
8996,0.5
9025,0.5
9026,0.5
9027,0.5
9028,0.5
9047,0.5
9048,0.5
9049,0.5
9050,0.5
9069,0.5
9070,0.5
9071,0.5
9072,0.5
9090,0.5
9091,0.5
9092,0.5
9093,0.5
9094,0.5
9113,0.5
9114,0.5
9115,0.5
9116,0.5
9135,0.5
9136,0.5
9137,0.5
9138,0.5
9157,0.5
9158,0.5
9159,0.5
9160,0.5
9179,0.5
9180,0.5
9181,0.5
9182,0.5
9201,0.5
9202,0.5
9203,0.5
9204,0.5
9223,0.5
9224,0.5
9225,0.5
9226,0.5
9255,0.5
9256,0.5
9257,0.5
9258,0.5
9265,0.5
9266,0.5
9267,0.5
9268,0.5
9287,0.5
9288,0.5
9289,0.5
9290,0.5
9309,0.5
9310,0.5
9311,0.5
9312,0.5
9339,0.5
9341,0.5
9342,0.5
9343,0.5
9344,0.5
9373,0.5
9374,0.5
9375,0.5
9376,0.5
9405,0.5
9406,0.5
9407,0.5
9408,0.5
9426,0.5
9427,0.5
9428,0.5
9429,0.5
9430,0.5
9449,0.5
9450,0.5
9451,0.5
9452,0.5
9471,0.5
9472,0.5
9473,0.5
9474,0.5
9493,0.5
9494,0.5
9495,0.5
9496,0.5
9515,0.5
9516,0.5
9517,0.5
9518,0.5
9537,0.5
9538,0.5
9539,0.5
9540,0.5
9569,0.5
9570,0.5
9571,0.5
9572,0.5
9590,0.5
9591,0.5
9592,0.5
9593,0.5
9594,0.5
9613,0.5
9614,0.5
9615,0.5
9616,0.5
9632,0.5
9633,0.5
9634,0.5
9635,0.5
9652,0.5
9654,0.5
9655,0.5
9656,0.5
9657,0.5
9674,0.5
9676,0.5
9677,0.5
9678,0.5
9679,0.5
9698,0.5
9699,0.5
9700,0.5
9701,0.5
9730,0.5
9731,0.5
9732,0.5
9733,0.5
9762,0.5
9763,0.5
9764,0.5
9765,0.5
9783,0.5
9784,0.5
9785,0.5
9786,0.5
9787,0.5
9806,0.5
9807,0.5
9808,0.5
9809,0.5
9838,0.5
9839,0.5
9840,0.5
9841,0.5
9860,0.5
9861,0.5
9862,0.5
9863,0.5
9892,0.5
9893,0.5
9894,0.5
9895,0.5
9913,0.5
9914,0.5
9915,0.5
9916,0.5
9917,0.5
9936,0.5
9937,0.5
9938,0.5
9939,0.5
9958,0.5
9959,0.5
9960,0.5
9961,0.5
9980,0.5
9981,0.5
9982,0.5
9983,0.5
10002,0.5
10003,0.5
10004,0.5
10005,0.5
10034,0.5
10035,0.5
10036,0.5
10037,0.5
10054,0.5
10055,0.5
10056,0.5
10057,0.5
10058,0.5
10059,0.5
10076,0.5
10078,0.5
10079,0.5
10080,0.5
10081,0.5
10099,0.5
10100,0.5
10101,0.5
10102,0.5
10103,0.5
10132,0.5
10133,0.5
10134,0.5
10135,0.5
10154,0.5
10155,0.5
10156,0.5
10157,0.5
10176,0.5
10177,0.5
10178,0.5
10179,0.5
10198,0.5
10199,0.5
10200,0.5
10219,0.5
10220,0.5
10221,0.5
10240,0.5
10241,0.5
10242,0.5
10261,0.5
10262,0.5
10263,0.5
10292,0.5
10293,0.5
10294,0.5
10321,0.5
10323,0.5
10324,0.5
10325,0.5
10344,0.5
10345,0.5
10346,0.5
10365,0.5
10366,0.5
10367,0.5
10386,0.5
10387,0.5
10388,0.5
10417,0.5
10418,0.5
10419,0.5
10448,0.5
10449,0.5
10450,0.5
10469,0.5
10470,0.5
10471,0.5
10490,0.5
10491,0.5
10492,0.5
10521,0.5
10522,0.5
10523,0.5
10542,0.5
10543,0.5
10544,0.5
10563,0.5
10564,0.5
10565,0.5
10583,0.5
10584,0.5
10585,0.5
10586,0.5
10615,0.5
10616,0.5
10617,0.5
10636,0.5
10637,0.5
10638,0.5
10657,0.5
10658,0.5
10659,0.5
10678,0.5
10679,0.5
10680,0.5
10699,0.5
10700,0.5
10701,0.5
10720,0.5
10721,0.5
10722,0.5
10741,0.5
10742,0.5
10743,0.5
10762,0.5
10763,0.5
10764,0.5
10793,0.5
10794,0.5
10795,0.5
10814,0.5
10815,0.5
10816,0.5
10835,0.5
10836,0.5
10837,0.5
10854,0.5
10856,0.5
10857,0.5
10858,0.5
10877,0.5
10878,0.5
10879,0.5
10898,0.5
10899,0.5
10900,0.5
10929,0.5
10930,0.5
10931,0.5
10950,0.5
10951,0.5
10952,0.5
10971,0.5
10972,0.5
10973,0.5
11002,0.5
11003,0.5
11004,0.5
11022,0.5
11023,0.5
11024,0.5
11025,0.5
11044,0.5
11045,0.5
11046,0.5
11065,0.5
11066,0.5
11067,0.5
11086,0.5
11087,0.5
11088,0.5
11107,0.5
11108,0.5
11109,0.5
11128,0.5
11129,0.5
11130,0.5
11149,0.5
11150,0.5
11151,0.5
11170,0.5
11171,0.5
11172,0.5
11191,0.5
11192,0.5
11193,0.5
11210,0.5
11212,0.5
11213,0.5
11214,0.5
11231,0.5
11233,0.5
11234,0.5
11235,0.5
11263,0.5
11264,0.5
11265,0.5
11266,0.5
11294,0.5
11295,0.5
11296,0.5
11297,0.5
11326,0.5
11327,0.5
11328,0.5
11347,0.5
11348,0.5
11349,0.5
11368,0.5
11369,0.5
11370,0.5
11399,0.5
11400,0.5
11401,0.5
11420,0.5
11421,0.5
11422,0.5
11441,0.5
11442,0.5
11443,0.5
11462,0.5
11463,0.5
11464,0.5
11493,0.5
11494,0.5
11495,0.5
11513,0.5
11514,0.5
11515,0.5
11516,0.5
11551,0.5
11553,0.5
11554,0.5
11555,0.5
11584,0.5
11585,0.5
11586,0.5
11605,0.5
11606,0.5
11607,0.5
11636,0.5
11637,0.5
11638,0.5
11657,0.5
11658,0.5
11659,0.5
11678,0.5
11679,0.5
11680,0.5
11709,0.5
11710,0.5
11711,0.5
11728,0.5
11730,0.5
11731,0.5
11732,0.5
11751,0.5
11752,0.5
11753,0.5
11782,0.5
11783,0.5
11784,0.5
11803,0.5
11804,0.5
11805,0.5
11824,0.5
11825,0.5
11826,0.5
11845,0.5
11846,0.5
11847,0.5
11866,0.5
11867,0.5
11868,0.5
11885,0.5
11887,0.5
11888,0.5
11889,0.5
11906,0.5
11907,0.5
11908,0.5
11909,0.5
11910,0.5
11929,0.5
11930,0.5
11931,0.5
11949,0.5
11950,0.5
11951,0.5
11952,0.5
11981,0.5
11982,0.5
11983,0.5
12002,0.5
12003,0.5
12004,0.5
12023,0.5
12024,0.5
12025,0.5
12044,0.5
12045,0.5
12046,0.5
12065,0.5
12066,0.5
12067,0.5
12086,0.5
12087,0.5
12088,0.5
12107,0.5
12108,0.5
12109,0.5
12128,0.5
12129,0.5
12130,0.5
12149,0.5
12150,0.5
12151,0.5
12180,0.5
12181,0.5
12182,0.5
12201,0.5
12202,0.5
12203,0.5
12232,0.5
12233,0.5
12234,0.5
12263,0.5
12264,0.5
12265,0.5
12294,0.5
12295,0.5
12296,0.5
12325,0.5
12326,0.5
12327,0.5
12355,0.5
12356,0.5
12357,0.5
12358,0.5
12377,0.5
12378,0.5
12379,0.5
12398,0.5
12399,0.5
12400,0.5
12419,0.5
12420,0.5
12421,0.5
12448,0.5
12450,0.5
12451,0.5
12452,0.5
12471,0.5
12472,0.5
12473,0.5
12492,0.5
12493,0.5
12494,0.5
12523,0.5
12524,0.5
12525,0.5
12552,0.5
12554,0.5
12555,0.5
12556,0.5
12574,0.5
12575,0.5
12576,0.5
12577,0.5
12594,0.5
12596,0.5
12597,0.5
12598,0.5
12617,0.5
12618,0.5
12619,0.5
12638,0.5
12639,0.5
12640,0.5
12659,0.5
12660,0.5
12661,0.5
12690,0.5
12691,0.5
12692,0.5
12710,0.5
12711,0.5
12712,0.5
12713,0.5
12732,0.5
12733,0.5
12734,0.5
12751,0.5
12753,0.5
12754,0.5
12755,0.5
12774,0.5
12775,0.5
12776,0.5
12795,0.5
12796,0.5
12797,0.5
12816,0.5
12817,0.5
12818,0.5
12835,0.5
12837,0.5
12838,0.5
12839,0.5
12857,0.5
12858,0.5
12859,0.5
12860,0.5
12887,0.5
12889,0.5
12890,0.5
12891,0.5
12920,0.5
12921,0.5
12922,0.5
12951,0.5
12952,0.5
12953,0.5
12970,0.5
12972,0.5
12973,0.5
12974,0.5
12993,0.5
12994,0.5
12995,0.5
13014,0.5
13015,0.5
13016,0.5
13034,0.5
13035,0.5
13036,0.5
13037,0.5
13055,0.5
13056,0.5
13057,0.5
13058,0.5
13087,0.5
13088,0.5
13089,0.5
13118,0.5
13119,0.5
13120,0.5
13139,0.5
13140,0.5
13141,0.5
13170,0.5
13171,0.5
13172,0.5
13191,0.5
13192,0.5
13193,0.5
13207,0.5
13208,0.5
13209,0.5
13228,0.5
13229,0.5
13230,0.5
13249,0.5
13250,0.5
13251,0.5
13270,0.5
13271,0.5
13272,0.5
13291,0.5
13292,0.5
13293,0.5
13311,0.5
13312,0.5
13313,0.5
13314,0.5
13332,0.5
13333,0.5
13334,0.5
13335,0.5
13353,0.5
13354,0.5
13355,0.5
13356,0.5
13385,0.5
13386,0.5
13387,0.5
13406,0.5
13407,0.5
13408,0.5
13426,0.5
13427,0.5
13428,0.5
13429,0.5
13448,0.5
13449,0.5
13450,0.5
13469,0.5
13470,0.5
13471,0.5
13489,0.5
13490,0.5
13491,0.5
13492,0.5
13520,0.5
13521,0.5
13522,0.5
13523,0.5
13552,0.5
13553,0.5
13554,0.5
13573,0.5
13574,0.5
13575,0.5
13594,0.5
13595,0.5
13596,0.5
13615,0.5
13616,0.5
13617,0.5
13636,0.5
13637,0.5
13638,0.5
13655,0.5
13657,0.5
13658,0.5
13659,0.5
13678,0.5
13679,0.5
13680,0.5
13699,0.5
13700,0.5
13701,0.5
13720,0.5
13721,0.5
13722,0.5
13741,0.5
13742,0.5
13743,0.5
13772,0.5
13773,0.5
13774,0.5
13793,0.5
13794,0.5
13795,0.5
13813,0.5
13814,0.5
13815,0.5
13816,0.5
13845,0.5
13846,0.5
13847,0.5
13866,0.5
13867,0.5
13868,0.5
13887,0.5
13888,0.5
13889,0.5
13908,0.5
13909,0.5
13910,0.5
13929,0.5
13930,0.5
13931,0.5
13950,0.5
13951,0.5
13952,0.5
13981,0.5
13982,0.5
13983,0.5
14010,0.5
14012,0.5
14013,0.5
14014,0.5
14031,0.5
14033,0.5
14034,0.5
14035,0.5
14064,0.5
14065,0.5
14066,0.5
14085,0.5
14086,0.5
14087,0.5
14106,0.5
14107,0.5
14108,0.5
14126,0.5
14127,0.5
14128,0.5
14129,0.5
14148,0.5
14149,0.5
14150,0.5
14169,0.5
14170,0.5
14171,0.5
14190,0.5
14191,0.5
14192,0.5
14211,0.5
14212,0.5
14213,0.5
14232,0.5
14233,0.5
14234,0.5
14253,0.5
14254,0.5
14255,0.5
14284,0.5
14285,0.5
14286,0.5
14293,0.5
14294,0.5
14295,0.5
14314,0.5
14315,0.5
14316,0.5
14335,0.5
14336,0.5
14337,0.5
14364,0.5
14366,0.5
14367,0.5
14368,0.5
14397,0.5
14398,0.5
14399,0.5
14428,0.5
14429,0.5
14430,0.5
14448,0.5
14449,0.5
14450,0.5
14451,0.5
14470,0.5
14471,0.5
14472,0.5
14491,0.5
14492,0.5
14493,0.5
14512,0.5
14513,0.5
14514,0.5
14533,0.5
14534,0.5
14535,0.5
14554,0.5
14555,0.5
14556,0.5
14585,0.5
14586,0.5
14587,0.5
14605,0.5
14606,0.5
14607,0.5
14608,0.5
14627,0.5
14628,0.5
14629,0.5
14645,0.5
14646,0.5
14647,0.5
14664,0.5
14666,0.5
14667,0.5
14668,0.5
14685,0.5
14687,0.5
14688,0.5
14689,0.5
14708,0.5
14709,0.5
14710,0.5
14739,0.5
14740,0.5
14741,0.5
14770,0.5
14771,0.5
14772,0.5
14790,0.5
14791,0.5
14792,0.5
14793,0.5
14812,0.5
14813,0.5
14814,0.5
14843,0.5
14844,0.5
14845,0.5
14864,0.5
14865,0.5
14866,0.5
14895,0.5
14896,0.5
14897,0.5
14915,0.5
14916,0.5
14917,0.5
14918,0.5
14937,0.5
14938,0.5
14939,0.5
14958,0.5
14959,0.5
14960,0.5
14979,0.5
14980,0.5
14981,0.5
15000,0.5
15001,0.5
15002,0.5
15031,0.5
15032,0.5
15033,0.5
15050,0.5
15051,0.5
15052,0.5
15053,0.5
15054,0.5
15071,0.5
15073,0.5
15074,0.5
15075,0.5
15093,0.5
15094,0.5
15095,0.5
15096,0.5
15125,0.5
15126,0.5
15127,0.5
15146,0.5
15147,0.5
15148,0.5
15167,0.5
15168,0.5
15169,0.5
15188,0.5
15189,0.5
15190,0.5
15191,0.5
15210,0.5
15211,0.5
15212,0.5
15213,0.5
15232,0.5
15233,0.5
15234,0.5
15235,0.5
15254,0.5
15255,0.5
15256,0.5
15257,0.5
15276,0.5
15277,0.5
15278,0.5
15279,0.5
15296,0.5
15298,0.5
15299,0.5
15300,0.5
15301,0.5
15320,0.5
15321,0.5
15322,0.5
15323,0.5
15342,0.5
15343,0.5
15344,0.5
15345,0.5
15364,0.5
15365,0.5
15366,0.5
15367,0.5
15386,0.5
15387,0.5
15388,0.5
15389,0.5
15418,0.5
15419,0.5
15420,0.5
15421,0.5
15440,0.5
15441,0.5
15442,0.5
15443,0.5
15462,0.5
15463,0.5
15464,0.5
15465,0.5
15494,0.5
15495,0.5
15496,0.5
15497,0.5
15516,0.5
15517,0.5
15518,0.5
15519,0.5
15538,0.5
15539,0.5
15540,0.5
15541,0.5
15559,0.5
15560,0.5
15561,0.5
15562,0.5
15563,0.5
15592,0.5
15593,0.5
15594,0.5
15595,0.5
15614,0.5
15615,0.5
15616,0.5
15617,0.5
15636,0.5
15637,0.5
15638,0.5
15639,0.5
15658,0.5
15659,0.5
15660,0.5
15661,0.5
15680,0.5
15681,0.5
15682,0.5
15683,0.5
15702,0.5
15703,0.5
15704,0.5
15705,0.5
15724,0.5
15725,0.5
15726,0.5
15727,0.5
15746,0.5
15747,0.5
15748,0.5
15749,0.5
15768,0.5
15769,0.5
15770,0.5
15771,0.5
15790,0.5
15791,0.5
15792,0.5
15793,0.5
15812,0.5
15813,0.5
15814,0.5
15815,0.5
15832,0.5
15834,0.5
15835,0.5
15836,0.5
15837,0.5
15856,0.5
15857,0.5
15858,0.5
15859,0.5
15878,0.5
15879,0.5
15880,0.5
15881,0.5
15900,0.5
15901,0.5
15902,0.5
15903,0.5
15922,0.5
15923,0.5
15924,0.5
15925,0.5
15944,0.5
15945,0.5
15946,0.5
15947,0.5
15966,0.5
15967,0.5
15968,0.5
15969,0.5
15987,0.5
15988,0.5
15989,0.5
15990,0.5
15991,0.5
16010,0.5
16011,0.5
16012,0.5
16013,0.5
16032,0.5
16033,0.5
16034,0.5
16035,0.5
16054,0.5
16055,0.5
16056,0.5
16057,0.5
16076,0.5
16077,0.5
16078,0.5
16079,0.5
16098,0.5
16099,0.5
16100,0.5
16101,0.5
16120,0.5
16121,0.5
16122,0.5
16123,0.5
16142,0.5
16143,0.5
16144,0.5
16145,0.5
16164,0.5
16165,0.5
16166,0.5
16167,0.5
16184,0.5
16186,0.5
16187,0.5
16188,0.5
16189,0.5
16206,0.5
16208,0.5
16209,0.5
16210,0.5
16211,0.5
16239,0.5
16240,0.5
16241,0.5
16242,0.5
16243,0.5
16271,0.5
16272,0.5
16273,0.5
16274,0.5
16275,0.5
16304,0.5
16305,0.5
16306,0.5
16307,0.5
16326,0.5
16327,0.5
16328,0.5
16329,0.5
16348,0.5
16349,0.5
16350,0.5
16351,0.5
16380,0.5
16381,0.5
16382,0.5
16383,0.5
16402,0.5
16403,0.5
16404,0.5
16405,0.5
16424,0.5
16425,0.5
16426,0.5
16427,0.5
16446,0.5
16447,0.5
16448,0.5
16449,0.5
16468,0.5
16469,0.5
16470,0.5
16471,0.5
16489,0.5
16490,0.5
16491,0.5
16492,0.5
16493,0.5
16529,0.5
16531,0.5
16532,0.5
16533,0.5
16534,0.5
16563,0.5
16564,0.5
16565,0.5
16566,0.5
16585,0.5
16586,0.5
16587,0.5
16588,0.5
16617,0.5
16618,0.5
16619,0.5
16620,0.5
16639,0.5
16640,0.5
16641,0.5
16642,0.5
16661,0.5
16662,0.5
16663,0.5
16664,0.5
16693,0.5
16694,0.5
16695,0.5
16696,0.5
16713,0.5
16715,0.5
16716,0.5
16717,0.5
16718,0.5
16737,0.5
16738,0.5
16739,0.5
16740,0.5
16769,0.5
16770,0.5
16771,0.5
16772,0.5
16791,0.5
16792,0.5
16793,0.5
16794,0.5
16813,0.5
16814,0.5
16815,0.5
16816,0.5
16835,0.5
16836,0.5
16837,0.5
16838,0.5
16857,0.5
16858,0.5
16859,0.5
16860,0.5
16877,0.5
16879,0.5
16880,0.5
16881,0.5
16882,0.5
16899,0.5
16900,0.5
16901,0.5
16902,0.5
16903,0.5
16904,0.5
16923,0.5
16924,0.5
16925,0.5
16926,0.5
16944,0.5
16945,0.5
16946,0.5
16947,0.5
16948,0.5
16977,0.5
16978,0.5
16979,0.5
16980,0.5
16999,0.5
17000,0.5
17001,0.5
17002,0.5
17021,0.5
17022,0.5
17023,0.5
17024,0.5
17043,0.5
17044,0.5
17045,0.5
17046,0.5
17065,0.5
17066,0.5
17067,0.5
17068,0.5
17087,0.5
17088,0.5
17089,0.5
17090,0.5
17109,0.5
17110,0.5
17111,0.5
17112,0.5
17131,0.5
17132,0.5
17133,0.5
17134,0.5
17153,0.5
17154,0.5
17155,0.5
17156,0.5
17185,0.5
17186,0.5
17187,0.5
17188,0.5
17207,0.5
17208,0.5
17209,0.5
17210,0.5
17239,0.5
17240,0.5
17241,0.5
17242,0.5
17261,0.5
17262,0.5
17263,0.5
17264,0.5
17283,0.5
17284,0.5
17285,0.5
17286,0.5
17315,0.5
17316,0.5
17317,0.5
17318,0.5
17336,0.5
17337,0.5
17338,0.5
17339,0.5
17340,0.5
17359,0.5
17360,0.5
17361,0.5
17362,0.5
17381,0.5
17382,0.5
17383,0.5
17384,0.5
17403,0.5
17404,0.5
17405,0.5
17406,0.5
17433,0.5
17435,0.5
17436,0.5
17437,0.5
17438,0.5
17457,0.5
17458,0.5
17459,0.5
17460,0.5
17479,0.5
17480,0.5
17481,0.5
17482,0.5
17501,0.5
17502,0.5
17503,0.5
17504,0.5
17521,0.5
17523,0.5
17524,0.5
17525,0.5
17526,0.5
17544,0.5
17545,0.5
17546,0.5
17547,0.5
17548,0.5
17565,0.5
17567,0.5
17568,0.5
17569,0.5
17570,0.5
17589,0.5
17590,0.5
17591,0.5
17592,0.5
17611,0.5
17612,0.5
17613,0.5
17614,0.5
17633,0.5
17634,0.5
17635,0.5
17636,0.5
17655,0.5
17656,0.5
17657,0.5
17658,0.5
17676,0.5
17677,0.5
17678,0.5
17679,0.5
17680,0.5
17699,0.5
17700,0.5
17701,0.5
17702,0.5
17719,0.5
17721,0.5
17722,0.5
17723,0.5
17724,0.5
17743,0.5
17744,0.5
17745,0.5
17746,0.5
17765,0.5
17766,0.5
17767,0.5
17768,0.5
17787,0.5
17788,0.5
17789,0.5
17790,0.5
17807,0.5
17809,0.5
17810,0.5
17811,0.5
17812,0.5
17830,0.5
17831,0.5
17832,0.5
17833,0.5
17834,0.5
17861,0.5
17863,0.5
17864,0.5
17865,0.5
17866,0.5
17895,0.5
17896,0.5
17897,0.5
17898,0.5
17927,0.5
17928,0.5
17929,0.5
17930,0.5
17947,0.5
17949,0.5
17950,0.5
17951,0.5
17952,0.5
17971,0.5
17972,0.5
17973,0.5
17974,0.5
17993,0.5
17994,0.5
17995,0.5
17996,0.5
18014,0.5
18015,0.5
18016,0.5
18017,0.5
18018,0.5
18036,0.5
18037,0.5
18038,0.5
18039,0.5
18040,0.5
18059,0.5
18060,0.5
18061,0.5
18062,0.5
18091,0.5
18092,0.5
18093,0.5
18094,0.5
18113,0.5
18114,0.5
18115,0.5
18116,0.5
18145,0.5
18146,0.5
18147,0.5
18148,0.5
18167,0.5
18168,0.5
18169,0.5
18170,0.5
18184,0.5
18185,0.5
18186,0.5
18187,0.5
18206,0.5
18207,0.5
18208,0.5
18209,0.5
18228,0.5
18229,0.5
18230,0.5
18231,0.5
18250,0.5
18251,0.5
18252,0.5
18253,0.5
18272,0.5
18273,0.5
18274,0.5
18275,0.5
18293,0.5
18294,0.5
18295,0.5
18296,0.5
18297,0.5
18315,0.5
18316,0.5
18317,0.5
18318,0.5
18319,0.5
18337,0.5
18338,0.5
18339,0.5
18340,0.5
18341,0.5
18360,0.5
18361,0.5
18362,0.5
18363,0.5
18382,0.5
18383,0.5
18384,0.5
18385,0.5
18403,0.5
18404,0.5
18405,0.5
18406,0.5
18407,0.5
18426,0.5
18427,0.5
18428,0.5
18429,0.5
18448,0.5
18449,0.5
18450,0.5
18451,0.5
18469,0.5
18470,0.5
18471,0.5
18472,0.5
18473,0.5
18501,0.5
18502,0.5
18503,0.5
18504,0.5
18505,0.5
18534,0.5
18535,0.5
18536,0.5
18537,0.5
18556,0.5
18557,0.5
18558,0.5
18559,0.5
18578,0.5
18579,0.5
18580,0.5
18581,0.5
18600,0.5
18601,0.5
18602,0.5
18603,0.5
18622,0.5
18623,0.5
18624,0.5
18625,0.5
18642,0.5
18644,0.5
18645,0.5
18646,0.5
18647,0.5
18666,0.5
18667,0.5
18668,0.5
18669,0.5
18688,0.5
18689,0.5
18690,0.5
18691,0.5
18710,0.5
18711,0.5
18712,0.5
18713,0.5
18732,0.5
18733,0.5
18734,0.5
18735,0.5
18764,0.5
18765,0.5
18766,0.5
18767,0.5
18786,0.5
18787,0.5
18788,0.5
18789,0.5
18807,0.5
18808,0.5
18809,0.5
18810,0.5
18811,0.5
18840,0.5
18841,0.5
18842,0.5
18843,0.5
18862,0.5
18863,0.5
18864,0.5
18865,0.5
18884,0.5
18885,0.5
18886,0.5
18887,0.5
18906,0.5
18907,0.5
18908,0.5
18909,0.5
18928,0.5
18929,0.5
18930,0.5
18931,0.5
18950,0.5
18951,0.5
18952,0.5
18953,0.5
18982,0.5
18983,0.5
18984,0.5
18985,0.5
19002,0.5
19004,0.5
19005,0.5
19006,0.5
19007,0.5
19024,0.5
19026,0.5
19027,0.5
19028,0.5
19029,0.5
19048,0.5
19049,0.5
19050,0.5
19051,0.5
19070,0.5
19071,0.5
19072,0.5
19073,0.5
19092,0.5
19093,0.5
19094,0.5
19095,0.5
19113,0.5
19114,0.5
19115,0.5
19116,0.5
19117,0.5
19136,0.5
19137,0.5
19138,0.5
19139,0.5
19158,0.5
19159,0.5
19160,0.5
19161,0.5
19180,0.5
19181,0.5
19182,0.5
19183,0.5
19202,0.5
19203,0.5
19204,0.5
19205,0.5
19224,0.5
19225,0.5
19226,0.5
19227,0.5
19246,0.5
19247,0.5
19248,0.5
19249,0.5
19278,0.5
19279,0.5
19280,0.5
19281,0.5
19288,0.5
19289,0.5
19290,0.5
19291,0.5
19310,0.5
19311,0.5
19312,0.5
19313,0.5
19332,0.5
19333,0.5
19334,0.5
19335,0.5
19362,0.5
19364,0.5
19365,0.5
19366,0.5
19367,0.5
19396,0.5
19397,0.5
19398,0.5
19399,0.5
19428,0.5
19429,0.5
19430,0.5
19431,0.5
19449,0.5
19450,0.5
19451,0.5
19452,0.5
19453,0.5
19472,0.5
19473,0.5
19474,0.5
19475,0.5
19494,0.5
19495,0.5
19496,0.5
19497,0.5
19516,0.5
19517,0.5
19518,0.5
19519,0.5
19538,0.5
19539,0.5
19540,0.5
19541,0.5
19560,0.5
19561,0.5
19562,0.5
19563,0.5
19582,0.5
19583,0.5
19584,0.5
19585,0.5
19603,0.5
19604,0.5
19605,0.5
19606,0.5
19607,0.5
19626,0.5
19627,0.5
19628,0.5
19629,0.5
19645,0.5
19646,0.5
19647,0.5
19648,0.5
19665,0.5
19667,0.5
19668,0.5
19669,0.5
19670,0.5
19687,0.5
19689,0.5
19690,0.5
19691,0.5
19692,0.5
19711,0.5
19712,0.5
19713,0.5
19714,0.5
19743,0.5
19744,0.5
19745,0.5
19746,0.5
19765,0.5
19766,0.5
19767,0.5
19768,0.5
19786,0.5
19787,0.5
19788,0.5
19789,0.5
19790,0.5
19809,0.5
19810,0.5
19811,0.5
19812,0.5
19841,0.5
19842,0.5
19843,0.5
19844,0.5
19863,0.5
19864,0.5
19865,0.5
19866,0.5
19885,0.5
19886,0.5
19887,0.5
19888,0.5
19906,0.5
19907,0.5
19908,0.5
19909,0.5
19910,0.5
19929,0.5
19930,0.5
19931,0.5
19932,0.5
19951,0.5
19952,0.5
19953,0.5
19954,0.5
19973,0.5
19974,0.5
19975,0.5
19976,0.5
19995,0.5
19996,0.5
19997,0.5
19998,0.5
20017,0.5
20018,0.5
20019,0.5
20020,0.5
20037,0.5
20038,0.5
20039,0.5
20040,0.5
20041,0.5
20042,0.5
20059,0.5
20061,0.5
20062,0.5
20063,0.5
20064,0.5
20082,0.5
20083,0.5
20084,0.5
20085,0.5
20086,0.5
20105,0.5
20106,0.5
20107,0.5
20108,0.5
20127,0.5
20128,0.5
20129,0.5
20130,0.5
20149,0.5
20150,0.5
20151,0.5
20152,0.5
20171,0.5
20172,0.5
20173,0.5
20192,0.5
20193,0.5
20194,0.5
20213,0.5
20214,0.5
20215,0.5
20234,0.5
20235,0.5
20236,0.5
20255,0.5
20256,0.5
20257,0.5
20274,0.5
20276,0.5
20277,0.5
20278,0.5
20297,0.5
20298,0.5
20299,0.5
20318,0.5
20319,0.5
20320,0.5
20339,0.5
20340,0.5
20341,0.5
20360,0.5
20361,0.5
20362,0.5
20391,0.5
20392,0.5
20393,0.5
20412,0.5
20413,0.5
20414,0.5
20433,0.5
20434,0.5
20435,0.5
20464,0.5
20465,0.5
20466,0.5
20485,0.5
20486,0.5
20487,0.5
20506,0.5
20507,0.5
20508,0.5
20526,0.5
20527,0.5
20528,0.5
20529,0.5
20558,0.5
20559,0.5
20560,0.5
20579,0.5
20580,0.5
20581,0.5
20600,0.5
20601,0.5
20602,0.5
20621,0.5
20622,0.5
20623,0.5
20642,0.5
20643,0.5
20644,0.5
20663,0.5
20664,0.5
20665,0.5
20684,0.5
20685,0.5
20686,0.5
20705,0.5
20706,0.5
20707,0.5
20726,0.5
20727,0.5
20728,0.5
20747,0.5
20748,0.5
20749,0.5
20768,0.5
20769,0.5
20770,0.5
20787,0.5
20789,0.5
20790,0.5
20791,0.5
20810,0.5
20811,0.5
20812,0.5
20831,0.5
20832,0.5
20833,0.5
20852,0.5
20853,0.5
20854,0.5
20873,0.5
20874,0.5
20875,0.5
20894,0.5
20895,0.5
20896,0.5
20915,0.5
20916,0.5
20917,0.5
20935,0.5
20936,0.5
20937,0.5
20938,0.5
20957,0.5
20958,0.5
20959,0.5
20978,0.5
20979,0.5
20980,0.5
20999,0.5
21000,0.5
21001,0.5
21020,0.5
21021,0.5
21022,0.5
21041,0.5
21042,0.5
21043,0.5
21062,0.5
21063,0.5
21064,0.5
21083,0.5
21084,0.5
21085,0.5
21104,0.5
21105,0.5
21106,0.5
21123,0.5
21125,0.5
21126,0.5
21127,0.5
21144,0.5
21146,0.5
21147,0.5
21148,0.5
21176,0.5
21177,0.5
21178,0.5
21179,0.5
21207,0.5
21208,0.5
21209,0.5
21210,0.5
21239,0.5
21240,0.5
21241,0.5
21260,0.5
21261,0.5
21262,0.5
21281,0.5
21282,0.5
21283,0.5
21312,0.5
21313,0.5
21314,0.5
21333,0.5
21334,0.5
21335,0.5
21354,0.5
21355,0.5
21356,0.5
21375,0.5
21376,0.5
21377,0.5
21396,0.5
21397,0.5
21398,0.5
21416,0.5
21417,0.5
21418,0.5
21419,0.5
21454,0.5
21456,0.5
21457,0.5
21458,0.5
21487,0.5
21488,0.5
21489,0.5
21508,0.5
21509,0.5
21510,0.5
21539,0.5
21540,0.5
21541,0.5
21560,0.5
21561,0.5
21562,0.5
21581,0.5
21582,0.5
21583,0.5
21612,0.5
21613,0.5
21614,0.5
21631,0.5
21633,0.5
21634,0.5
21635,0.5
21654,0.5
21655,0.5
21656,0.5
21685,0.5
21686,0.5
21687,0.5
21706,0.5
21707,0.5
21708,0.5
21727,0.5
21728,0.5
21729,0.5
21748,0.5
21749,0.5
21750,0.5
21769,0.5
21770,0.5
21771,0.5
21788,0.5
21790,0.5
21791,0.5
21792,0.5
21809,0.5
21810,0.5
21811,0.5
21812,0.5
21813,0.5
21832,0.5
21833,0.5
21834,0.5
21852,0.5
21853,0.5
21854,0.5
21855,0.5
21884,0.5
21885,0.5
21886,0.5
21905,0.5
21906,0.5
21907,0.5
21926,0.5
21927,0.5
21928,0.5
21947,0.5
21948,0.5
21949,0.5
21968,0.5
21969,0.5
21970,0.5
21989,0.5
21990,0.5
21991,0.5
22010,0.5
22011,0.5
22012,0.5
22031,0.5
22032,0.5
22033,0.5
22052,0.5
22053,0.5
22054,0.5
22083,0.5
22084,0.5
22085,0.5
22104,0.5
22105,0.5
22106,0.5
22135,0.5
22136,0.5
22137,0.5
22156,0.5
22157,0.5
22158,0.5
22177,0.5
22178,0.5
22179,0.5
22208,0.5
22209,0.5
22210,0.5
22228,0.5
22229,0.5
22230,0.5
22231,0.5
22250,0.5
22251,0.5
22252,0.5
22271,0.5
22272,0.5
22273,0.5
22292,0.5
22293,0.5
22294,0.5
22321,0.5
22323,0.5
22324,0.5
22325,0.5
22344,0.5
22345,0.5
22346,0.5
22365,0.5
22366,0.5
22367,0.5
22386,0.5
22387,0.5
22388,0.5
22405,0.5
22407,0.5
22408,0.5
22409,0.5
22427,0.5
22428,0.5
22429,0.5
22430,0.5
22447,0.5
22449,0.5
22450,0.5
22451,0.5
22470,0.5
22471,0.5
22472,0.5
22491,0.5
22492,0.5
22493,0.5
22512,0.5
22513,0.5
22514,0.5
22533,0.5
22534,0.5
22535,0.5
22553,0.5
22554,0.5
22555,0.5
22556,0.5
22575,0.5
22576,0.5
22577,0.5
22594,0.5
22596,0.5
22597,0.5
22598,0.5
22617,0.5
22618,0.5
22619,0.5
22638,0.5
22639,0.5
22640,0.5
22659,0.5
22660,0.5
22661,0.5
22678,0.5
22680,0.5
22681,0.5
22682,0.5
22700,0.5
22701,0.5
22702,0.5
22703,0.5
22730,0.5
22732,0.5
22733,0.5
22734,0.5
22763,0.5
22764,0.5
22765,0.5
22794,0.5
22795,0.5
22796,0.5
22813,0.5
22815,0.5
22816,0.5
22817,0.5
22836,0.5
22837,0.5
22838,0.5
22857,0.5
22858,0.5
22859,0.5
22877,0.5
22878,0.5
22879,0.5
22880,0.5
22898,0.5
22899,0.5
22900,0.5
22901,0.5
22920,0.5
22921,0.5
22922,0.5
22951,0.5
22952,0.5
22953,0.5
22972,0.5
22973,0.5
22974,0.5
23003,0.5
23004,0.5
23005,0.5
23024,0.5
23025,0.5
23026,0.5
23040,0.5
23041,0.5
23042,0.5
23061,0.5
23062,0.5
23063,0.5
23082,0.5
23083,0.5
23084,0.5
23103,0.5
23104,0.5
23105,0.5
23124,0.5
23125,0.5
23126,0.5
23144,0.5
23145,0.5
23146,0.5
23147,0.5
23165,0.5
23166,0.5
23167,0.5
23168,0.5
23186,0.5
23187,0.5
23188,0.5
23189,0.5
23208,0.5
23209,0.5
23210,0.5
23229,0.5
23230,0.5
23231,0.5
23249,0.5
23250,0.5
23251,0.5
23252,0.5
23271,0.5
23272,0.5
23273,0.5
23292,0.5
23293,0.5
23294,0.5
23312,0.5
23313,0.5
23314,0.5
23315,0.5
23343,0.5
23344,0.5
23345,0.5
23346,0.5
23375,0.5
23376,0.5
23377,0.5
23396,0.5
23397,0.5
23398,0.5
23417,0.5
23418,0.5
23419,0.5
23438,0.5
23439,0.5
23440,0.5
23459,0.5
23460,0.5
23461,0.5
23478,0.5
23480,0.5
23481,0.5
23482,0.5
23501,0.5
23502,0.5
23503,0.5
23522,0.5
23523,0.5
23524,0.5
23543,0.5
23544,0.5
23545,0.5
23564,0.5
23565,0.5
23566,0.5
23595,0.5
23596,0.5
23597,0.5
23616,0.5
23617,0.5
23618,0.5
23636,0.5
23637,0.5
23638,0.5
23639,0.5
23668,0.5
23669,0.5
23670,0.5
23689,0.5
23690,0.5
23691,0.5
23710,0.5
23711,0.5
23712,0.5
23731,0.5
23732,0.5
23733,0.5
23752,0.5
23753,0.5
23754,0.5
23773,0.5
23774,0.5
23775,0.5
23804,0.5
23805,0.5
23806,0.5
23823,0.5
23825,0.5
23826,0.5
23827,0.5
23844,0.5
23846,0.5
23847,0.5
23848,0.5
23867,0.5
23868,0.5
23869,0.5
23888,0.5
23889,0.5
23890,0.5
23909,0.5
23910,0.5
23911,0.5
23929,0.5
23930,0.5
23931,0.5
23932,0.5
23951,0.5
23952,0.5
23953,0.5
23972,0.5
23973,0.5
23974,0.5
23993,0.5
23994,0.5
23995,0.5
24014,0.5
24015,0.5
24016,0.5
24035,0.5
24036,0.5
24037,0.5
24056,0.5
24057,0.5
24058,0.5
24087,0.5
24088,0.5
24089,0.5
24096,0.5
24097,0.5
24098,0.5
24117,0.5
24118,0.5
24119,0.5
24138,0.5
24139,0.5
24140,0.5
24167,0.5
24169,0.5
24170,0.5
24171,0.5
24200,0.5
24201,0.5
24202,0.5
24231,0.5
24232,0.5
24233,0.5
24251,0.5
24252,0.5
24253,0.5
24254,0.5
24273,0.5
24274,0.5
24275,0.5
24294,0.5
24295,0.5
24296,0.5
24315,0.5
24316,0.5
24317,0.5
24336,0.5
24337,0.5
24338,0.5
24357,0.5
24358,0.5
24359,0.5
24378,0.5
24379,0.5
24380,0.5
24398,0.5
24399,0.5
24400,0.5
24401,0.5
24420,0.5
24421,0.5
24422,0.5
24438,0.5
24439,0.5
24440,0.5
24457,0.5
24459,0.5
24460,0.5
24461,0.5
24478,0.5
24480,0.5
24481,0.5
24482,0.5
24501,0.5
24502,0.5
24503,0.5
24532,0.5
24533,0.5
24534,0.5
24553,0.5
24554,0.5
24555,0.5
24573,0.5
24574,0.5
24575,0.5
24576,0.5
24595,0.5
24596,0.5
24597,0.5
24626,0.5
24627,0.5
24628,0.5
24647,0.5
24648,0.5
24649,0.5
24668,0.5
24669,0.5
24670,0.5
24688,0.5
24689,0.5
24690,0.5
24691,0.5
24710,0.5
24711,0.5
24712,0.5
24731,0.5
24732,0.5
24733,0.5
24752,0.5
24753,0.5
24754,0.5
24773,0.5
24774,0.5
24775,0.5
24794,0.5
24795,0.5
24796,0.5
24813,0.5
24814,0.5
24815,0.5
24816,0.5
24817,0.5
24834,0.5
24836,0.5
24837,0.5
24838,0.5
24856,0.5
24857,0.5
24858,0.5
24859,0.5
24878,0.5
24879,0.5
24880,0.5
24899,0.5
24900,0.5
24901,0.5
24920,0.5
24921,0.5
24922,0.5
